,model,min_score,max_score,mean_score,std_score,C,algorithm,alpha,base_estimator,early_stopping,gamma,hidden_layer_sizes,kernel,learning_rate,max_depth,max_iter,metric,n_estimators,n_neighbors,solver,weights
395,Random Forest,0.946280991736,0.99173553719,0.969110294868,0.0114194802057,,,,,,,,,,,,,100,,,
396,Random Forest,0.942148760331,0.99173553719,0.967050981192,0.0122491437898,,,,,,,,,,,,,3000,,,
394,Random Forest,0.95041322314,0.99173553719,0.965819814305,0.0106014015248,,,,,,,,,,,,,32,,,
393,Random Forest,0.938016528926,0.99173553719,0.964580144883,0.0143200247001,,,,,,,,,,,,,16,,,
403,Extra Trees,0.946280991736,0.98347107438,0.964168622249,0.0109196487537,,,,,,,,,,,,,3000,,,
413,Extra Trees,0.942148760331,0.979423868313,0.963753698602,0.0105760344369,,,,,,,,,,20,,,32,,,
402,Extra Trees,0.942148760331,0.987603305785,0.963345576982,0.0124377096967,,,,,,,,,,,,,100,,,
415,Extra Trees,0.942148760331,0.979423868313,0.963342175968,0.0115909265768,,,,,,,,,,20,,,3000,,,
401,Extra Trees,0.929752066116,0.979338842975,0.962514029181,0.013261314866,,,,,,,,,,,,,32,,,
414,Extra Trees,0.938016528926,0.98347107438,0.961696085433,0.0112425470764,,,,,,,,,,20,,,100,,,
400,Extra Trees,0.933884297521,0.98347107438,0.960871339659,0.0130901492879,,,,,,,,,,,,,16,,,
412,Extra Trees,0.933884297521,0.979338842975,0.959223548617,0.0125839945753,,,,,,,,,,20,,,16,,,
411,Extra Trees,0.925619834711,0.971074380165,0.953866952352,0.0132950408404,,,,,,,,,,10,,,3000,,,
409,Extra Trees,0.925619834711,0.97520661157,0.952634084957,0.0149059484589,,,,,,,,,,10,,,32,,,
410,Extra Trees,0.925619834711,0.971074380165,0.952632384451,0.0130921069417,,,,,,,,,,10,,,100,,,
408,Extra Trees,0.917355371901,0.979338842975,0.946459544944,0.01660597781,,,,,,,,,,10,,,16,,,
397,Decision Tree,0.921810699588,0.962962962963,0.941099547665,0.0113834570191,,,,,,,,,,10,,,,,,
398,Decision Tree,0.917355371901,0.9670781893,0.93944325409,0.013974123516,,,,,,,,,,20,,,,,,
417,Logistic Reg,0.900826446281,0.962809917355,0.934923307146,0.0194215149996,,,,,,,,,,,,,,,,
399,Decision Tree,0.896694214876,0.950617283951,0.934503281978,0.0171896155372,,,,,,,,,,30,,,,,,
362,AdaBoostOther,0.909090909091,0.954732510288,0.93327211509,0.0136740369112,,SAMME,,"DecisionTreeClassifier(class_weight=None, criterion='gini', max_depth=None,
            max_features=None, max_leaf_nodes=None,
            min_impurity_split=1e-07, min_samples_leaf=1,
            min_samples_split=2, min_weight_fraction_leaf=0.0,
            presort=False, random_state=None, splitter='best')",,,,,,,,,,,,
384,K-NN,0.909465020576,0.9670781893,0.931634527089,0.0178728680522,,,,,,,,,,,,manhattan,,7,,distance
382,K-NN,0.917355371901,0.954732510288,0.931632826582,0.0125168737805,,,,,,,,,,,,manhattan,,5,,distance
381,K-NN,0.913223140496,0.954732510288,0.931631126076,0.0138161066673,,,,,,,,,,,,manhattan,,5,,uniform
386,K-NN,0.909465020576,0.9670781893,0.931221303949,0.0169842698381,,,,,,,,,,,,manhattan,,9,,distance
385,K-NN,0.909465020576,0.9670781893,0.930396558174,0.0183639525477,,,,,,,,,,,,manhattan,,9,,uniform
383,K-NN,0.905349794239,0.962962962963,0.929988436554,0.0185925952931,,,,,,,,,,,,manhattan,,7,,uniform
370,K-NN,0.901234567901,0.950617283951,0.92916369078,0.0146974459097,,,,,,,,,,,,minkowski,,9,,distance
376,K-NN,0.909465020576,0.954732510288,0.92916369078,0.0125793191275,,,,,,,,,,,,euclidean,,7,,distance
368,K-NN,0.909465020576,0.954732510288,0.92916369078,0.0125793191275,,,,,,,,,,,,minkowski,,7,,distance
378,K-NN,0.901234567901,0.950617283951,0.92916369078,0.0146974459097,,,,,,,,,,,,euclidean,,9,,distance
366,K-NN,0.905349794239,0.954732510288,0.927517600245,0.0148518548612,,,,,,,,,,,,minkowski,,5,,distance
374,K-NN,0.905349794239,0.954732510288,0.927517600245,0.0148518548612,,,,,,,,,,,,euclidean,,5,,distance
375,K-NN,0.901234567901,0.950617283951,0.927514199231,0.0138031531381,,,,,,,,,,,,euclidean,,7,,uniform
367,K-NN,0.901234567901,0.950617283951,0.927514199231,0.0138031531381,,,,,,,,,,,,minkowski,,7,,uniform
379,K-NN,0.909465020576,0.946502057613,0.927100976091,0.0115045445092,,,,,,,,,,,,manhattan,,3,,uniform
369,K-NN,0.901234567901,0.950617283951,0.926691153964,0.0159194971908,,,,,,,,,,,,minkowski,,9,,uniform
377,K-NN,0.901234567901,0.950617283951,0.926691153964,0.0159194971908,,,,,,,,,,,,euclidean,,9,,uniform
388,SVM,0.893004115226,0.954732510288,0.926277930823,0.0196123271282,10,,,,,,,linear,,,,,,,,
373,K-NN,0.905349794239,0.950617283951,0.925869809203,0.0150604774381,,,,,,,,,,,,euclidean,,5,,uniform
365,K-NN,0.905349794239,0.950617283951,0.925869809203,0.0150604774381,,,,,,,,,,,,minkowski,,5,,uniform
380,K-NN,0.909465020576,0.954732510288,0.925863007176,0.0123638934389,,,,,,,,,,,,manhattan,,3,,distance
371,K-NN,0.905349794239,0.950617283951,0.924628439275,0.0141526712239,,,,,,,,,,,,euclidean,,3,,uniform
363,K-NN,0.905349794239,0.950617283951,0.924628439275,0.0141526712239,,,,,,,,,,,,minkowski,,3,,uniform
407,Extra Trees,0.893004115226,0.946280991736,0.924218617148,0.0172988335148,,,,,,,,,,5,,,3000,,,
232,MLPClassifier,0.897119341564,0.954732510288,0.923801992994,0.0170141703521,,,0.001,,False,,"(5, 5)",,adaptive,,2000,,,,adam,
170,MLPClassifier,0.888888888889,0.95867768595,0.92339557188,0.0217481195678,,,0.01,,False,,"(5, 5)",,invscaling,,2000,,,,adam,
172,MLPClassifier,0.888888888889,0.958847736626,0.92297724722,0.0216433885789,,,0.01,,False,,"(5, 5)",,adaptive,,2000,,,,adam,
406,Extra Trees,0.893004115226,0.942386831276,0.922569125599,0.0153943396412,,,,,,,,,,5,,,100,,,
405,Extra Trees,0.888429752066,0.954545454545,0.922157602966,0.0203277729179,,,,,,,,,,5,,,32,,,
350,MLPClassifier,0.888888888889,0.962962962963,0.922154201952,0.0214396432939,,,1e-05,,False,,"(5, 5)",,invscaling,,2000,,,,adam,
228,MLPClassifier,0.884773662551,0.958847736626,0.921334557698,0.0226633750932,,,0.001,,False,,"(5, 5)",,constant,,2000,,,,adam,
364,K-NN,0.905349794239,0.950617283951,0.921329456178,0.0125760402787,,,,,,,,,,,,minkowski,,3,,distance
372,K-NN,0.905349794239,0.950617283951,0.921329456178,0.0125760402787,,,,,,,,,,,,euclidean,,3,,distance
174,MLPClassifier,0.884773662551,0.954732510288,0.920917933544,0.0202548946684,,,0.01,,False,,"(5, 10)",,constant,,2000,,,,adam,
288,MLPClassifier,0.884773662551,0.950617283951,0.920509811924,0.0208328987679,,,0.0001,,False,,"(5, 5)",,constant,,2000,,,,adam,
176,MLPClassifier,0.888888888889,0.942386831276,0.920508111417,0.0184264469674,,,0.01,,False,,"(5, 10)",,invscaling,,2000,,,,adam,
298,MLPClassifier,0.893004115226,0.942386831276,0.92009828929,0.0184335277715,,,0.0001,,False,,"(5, 10)",,adaptive,,2000,,,,adam,
238,MLPClassifier,0.884773662551,0.942386831276,0.920096588783,0.0192475758154,,,0.001,,False,,"(5, 10)",,adaptive,,2000,,,,adam,
108,MLPClassifier,0.880658436214,0.942386831276,0.919688467163,0.0201814788595,,,0.1,,False,,"(5, 5)",,constant,,2000,,,,adam,
216,MLPClassifier,0.888888888889,0.942386831276,0.919683365643,0.0185392587862,,,0.001,,False,,"(15,)",,constant,,2000,,,,adam,
278,MLPClassifier,0.888888888889,0.942386831276,0.919683365643,0.0190838811567,,,0.0001,,False,,"(15,)",,invscaling,,2000,,,,adam,
292,MLPClassifier,0.892561983471,0.942386831276,0.919273543516,0.0195262797849,,,0.0001,,False,,"(5, 5)",,adaptive,,2000,,,,adam,
234,MLPClassifier,0.880658436214,0.942386831276,0.919273543516,0.0200209981095,,,0.001,,False,,"(5, 10)",,constant,,2000,,,,adam,
272,MLPClassifier,0.884773662551,0.942386831276,0.919270142502,0.0198662340013,,,0.0001,,False,,"(10,)",,invscaling,,2000,,,,adam,
344,MLPClassifier,0.888888888889,0.946502057613,0.919268441996,0.0204643355162,,,1e-05,,False,,"(20,)",,invscaling,,2000,,,,adam,
346,MLPClassifier,0.888888888889,0.946502057613,0.919268441996,0.0205469230223,,,1e-05,,False,,"(20,)",,adaptive,,2000,,,,adam,
282,MLPClassifier,0.888888888889,0.942386831276,0.919266741489,0.0200572838649,,,0.0001,,False,,"(20,)",,constant,,2000,,,,adam,
110,MLPClassifier,0.888888888889,0.942386831276,0.918863721389,0.0174666730392,,,0.1,,False,,"(5, 5)",,invscaling,,2000,,,,adam,
224,MLPClassifier,0.888888888889,0.942386831276,0.918860320375,0.0187103895538,,,0.001,,False,,"(20,)",,invscaling,,2000,,,,adam,
154,MLPClassifier,0.888888888889,0.942386831276,0.918856919362,0.0189905632985,,,0.01,,False,,"(10,)",,adaptive,,2000,,,,adam,
276,MLPClassifier,0.892561983471,0.942386831276,0.918855218855,0.0184596501905,,,0.0001,,False,,"(15,)",,constant,,2000,,,,adam,
290,MLPClassifier,0.888888888889,0.962962962963,0.918855218855,0.0233958704993,,,0.0001,,False,,"(5, 5)",,invscaling,,2000,,,,adam,
226,MLPClassifier,0.888429752066,0.942386831276,0.918853518348,0.0207192780237,,,0.001,,False,,"(20,)",,adaptive,,2000,,,,adam,
236,MLPClassifier,0.884773662551,0.942386831276,0.918450498248,0.0183920370288,,,0.001,,False,,"(5, 10)",,invscaling,,2000,,,,adam,
112,MLPClassifier,0.893004115226,0.942386831276,0.918447097235,0.0173708205421,,,0.1,,False,,"(5, 5)",,adaptive,,2000,,,,adam,
212,MLPClassifier,0.893004115226,0.938271604938,0.918447097235,0.0166744200311,,,0.001,,False,,"(10,)",,invscaling,,2000,,,,adam,
348,MLPClassifier,0.880658436214,0.950617283951,0.918447097235,0.0223246225699,,,1e-05,,False,,"(5, 5)",,constant,,2000,,,,adam,
342,MLPClassifier,0.884773662551,0.946502057613,0.918443696221,0.0208491448351,,,1e-05,,False,,"(20,)",,constant,,2000,,,,adam,
222,MLPClassifier,0.884773662551,0.942386831276,0.918033874094,0.0208141226778,,,0.001,,False,,"(20,)",,constant,,2000,,,,adam,
162,MLPClassifier,0.884773662551,0.950617283951,0.918033874094,0.0205631284692,,,0.01,,False,,"(20,)",,constant,,2000,,,,adam,
330,MLPClassifier,0.884773662551,0.942386831276,0.918033874094,0.0206507546527,,,1e-05,,False,,"(10,)",,constant,,2000,,,,adam,
178,MLPClassifier,0.888888888889,0.942386831276,0.917625752474,0.01897098387,,,0.01,,False,,"(5, 10)",,adaptive,,2000,,,,adam,
286,MLPClassifier,0.884773662551,0.942386831276,0.917625752474,0.0206699270491,,,0.0001,,False,,"(20,)",,adaptive,,2000,,,,adam,
156,MLPClassifier,0.884773662551,0.942386831276,0.917624051967,0.0187008954273,,,0.01,,False,,"(15,)",,constant,,2000,,,,adam,
338,MLPClassifier,0.884773662551,0.942386831276,0.917624051967,0.0200976558526,,,1e-05,,False,,"(15,)",,invscaling,,2000,,,,adam,
210,MLPClassifier,0.888888888889,0.942386831276,0.917622351461,0.020694355386,,,0.001,,False,,"(10,)",,constant,,2000,,,,adam,
280,MLPClassifier,0.888429752066,0.942386831276,0.917620650954,0.019955859637,,,0.0001,,False,,"(15,)",,adaptive,,2000,,,,adam,
356,MLPClassifier,0.888429752066,0.942386831276,0.917618950447,0.0198761165758,,,1e-05,,False,,"(5, 10)",,invscaling,,2000,,,,adam,
166,MLPClassifier,0.888888888889,0.946502057613,0.917210828827,0.0196332548034,,,0.01,,False,,"(20,)",,adaptive,,2000,,,,adam,
164,MLPClassifier,0.884773662551,0.942386831276,0.917210828827,0.0212208134321,,,0.01,,False,,"(20,)",,invscaling,,2000,,,,adam,
332,MLPClassifier,0.893004115226,0.942386831276,0.917210828827,0.0184779183318,,,1e-05,,False,,"(10,)",,invscaling,,2000,,,,adam,
296,MLPClassifier,0.884773662551,0.938271604938,0.917210828827,0.0184779183318,,,0.0001,,False,,"(5, 10)",,invscaling,,2000,,,,adam,
294,MLPClassifier,0.884773662551,0.938271604938,0.917210828827,0.0190257711793,,,0.0001,,False,,"(5, 10)",,constant,,2000,,,,adam,
116,MLPClassifier,0.880658436214,0.942386831276,0.91720912832,0.0211391747247,,,0.1,,False,,"(5, 10)",,invscaling,,2000,,,,adam,
220,MLPClassifier,0.888888888889,0.942386831276,0.91720912832,0.0203222669116,,,0.001,,False,,"(15,)",,adaptive,,2000,,,,adam,
336,MLPClassifier,0.880658436214,0.942386831276,0.91720912832,0.0204054294242,,,1e-05,,False,,"(15,)",,constant,,2000,,,,adam,
284,MLPClassifier,0.888429752066,0.942386831276,0.917207427813,0.0209893404996,,,0.0001,,False,,"(20,)",,invscaling,,2000,,,,adam,
230,MLPClassifier,0.884773662551,0.938271604938,0.916804407713,0.0181113855603,,,0.001,,False,,"(5, 5)",,invscaling,,2000,,,,adam,
352,MLPClassifier,0.884773662551,0.942386831276,0.9168010067,0.0207464042633,,,1e-05,,False,,"(5, 5)",,adaptive,,2000,,,,adam,
152,MLPClassifier,0.888888888889,0.942386831276,0.916799306193,0.0199186099029,,,0.01,,False,,"(10,)",,invscaling,,2000,,,,adam,
354,MLPClassifier,0.880658436214,0.946502057613,0.916799306193,0.0221003369285,,,1e-05,,False,,"(5, 10)",,constant,,2000,,,,adam,
218,MLPClassifier,0.884773662551,0.942386831276,0.916799306193,0.0214785649395,,,0.001,,False,,"(15,)",,invscaling,,2000,,,,adam,
98,MLPClassifier,0.888888888889,0.938271604938,0.916797605686,0.0178684614533,,,0.1,,False,,"(15,)",,invscaling,,2000,,,,adam,
158,MLPClassifier,0.884773662551,0.942386831276,0.916797605686,0.0205980450315,,,0.01,,False,,"(15,)",,invscaling,,2000,,,,adam,
270,MLPClassifier,0.884773662551,0.942386831276,0.916797605686,0.0203498994208,,,0.0001,,False,,"(10,)",,constant,,2000,,,,adam,
340,MLPClassifier,0.888429752066,0.942386831276,0.91679590518,0.0218845169515,,,1e-05,,False,,"(15,)",,adaptive,,2000,,,,adam,
106,MLPClassifier,0.888429752066,0.942386831276,0.91679590518,0.0195117547369,,,0.1,,False,,"(20,)",,adaptive,,2000,,,,adam,
334,MLPClassifier,0.888888888889,0.942386831276,0.91679590518,0.0189779363952,,,1e-05,,False,,"(10,)",,adaptive,,2000,,,,adam,
118,MLPClassifier,0.888429752066,0.942386831276,0.91679590518,0.02002575038,,,0.1,,False,,"(5, 10)",,adaptive,,2000,,,,adam,
150,MLPClassifier,0.884773662551,0.942386831276,0.916389484066,0.0187910486502,,,0.01,,False,,"(10,)",,constant,,2000,,,,adam,
100,MLPClassifier,0.884773662551,0.938271604938,0.91638778356,0.0188017649174,,,0.1,,False,,"(15,)",,adaptive,,2000,,,,adam,
214,MLPClassifier,0.888888888889,0.942386831276,0.91638778356,0.018620749955,,,0.001,,False,,"(10,)",,adaptive,,2000,,,,adam,
102,MLPClassifier,0.884773662551,0.938271604938,0.91638778356,0.0195147867584,,,0.1,,False,,"(20,)",,constant,,2000,,,,adam,
50,MLPClassifier,0.880658436214,0.938271604938,0.916386083053,0.0186323167495,,,1,,False,,"(5, 5)",,invscaling,,2000,,,,adam,
274,MLPClassifier,0.884773662551,0.942386831276,0.916384382546,0.0215123398786,,,0.0001,,False,,"(10,)",,adaptive,,2000,,,,adam,
358,MLPClassifier,0.880658436214,0.942386831276,0.915976260926,0.0204580538051,,,1e-05,,False,,"(5, 10)",,adaptive,,2000,,,,adam,
92,MLPClassifier,0.888888888889,0.934156378601,0.915974560419,0.0175204305658,,,0.1,,False,,"(10,)",,invscaling,,2000,,,,adam,
160,MLPClassifier,0.884773662551,0.938271604938,0.915972859912,0.0198868169077,,,0.01,,False,,"(15,)",,adaptive,,2000,,,,adam,
104,MLPClassifier,0.884297520661,0.942386831276,0.915972859912,0.0212122197061,,,0.1,,False,,"(20,)",,invscaling,,2000,,,,adam,
96,MLPClassifier,0.884297520661,0.938271604938,0.915971159406,0.0198137340245,,,0.1,,False,,"(15,)",,constant,,2000,,,,adam,
58,MLPClassifier,0.884773662551,0.938271604938,0.915561337279,0.0187499500683,,,1,,False,,"(5, 10)",,adaptive,,2000,,,,adam,
387,SVM,0.880658436214,0.942386831276,0.915559636772,0.0208105931883,1,,,,,,,linear,,,,,,,,
46,MLPClassifier,0.880658436214,0.942386831276,0.915557936265,0.0199923684113,,,1,,False,,"(20,)",,adaptive,,2000,,,,adam,
56,MLPClassifier,0.880658436214,0.938271604938,0.915149814645,0.0198836496463,,,1,,False,,"(5, 10)",,invscaling,,2000,,,,adam,
38,MLPClassifier,0.880658436214,0.938271604938,0.915146413631,0.0199864870074,,,1,,False,,"(15,)",,invscaling,,2000,,,,adam,
90,MLPClassifier,0.884773662551,0.938271604938,0.914738292011,0.0196119207679,,,0.1,,False,,"(10,)",,constant,,2000,,,,adam,
54,MLPClassifier,0.884297520661,0.934156378601,0.914736591504,0.0183763592258,,,1,,False,,"(5, 10)",,constant,,2000,,,,adam,
30,MLPClassifier,0.876543209877,0.942386831276,0.914734890998,0.0197961460011,,,1,,False,,"(10,)",,constant,,2000,,,,adam,
109,MLPClassifier,0.876543209877,0.934156378601,0.914328469884,0.0183261427936,,,0.1,,False,,"(5, 5)",,constant,,2000,,,,sgd,
404,Extra Trees,0.876543209877,0.954732510288,0.914328469884,0.0215489635256,,,,,,,,,,5,,,16,,,
94,MLPClassifier,0.884773662551,0.938271604938,0.914326769377,0.0186074208096,,,0.1,,False,,"(10,)",,adaptive,,2000,,,,adam,
34,MLPClassifier,0.876543209877,0.938271604938,0.914325068871,0.0194158403882,,,1,,False,,"(10,)",,adaptive,,2000,,,,adam,
40,MLPClassifier,0.872427983539,0.938271604938,0.914325068871,0.0199323095337,,,1,,False,,"(15,)",,adaptive,,2000,,,,adam,
44,MLPClassifier,0.872427983539,0.934156378601,0.914325068871,0.0187050452415,,,1,,False,,"(20,)",,invscaling,,2000,,,,adam,
48,MLPClassifier,0.876543209877,0.938271604938,0.914325068871,0.020274155509,,,1,,False,,"(5, 5)",,constant,,2000,,,,adam,
42,MLPClassifier,0.876543209877,0.938271604938,0.914323368364,0.0196872507889,,,1,,False,,"(20,)",,constant,,2000,,,,adam,
36,MLPClassifier,0.872427983539,0.938271604938,0.914323368364,0.0198543088638,,,1,,False,,"(15,)",,constant,,2000,,,,adam,
235,MLPClassifier,0.872427983539,0.938271604938,0.913910145223,0.0214844599106,,,0.001,,False,,"(5, 10)",,constant,,2000,,,,sgd,
283,MLPClassifier,0.864197530864,0.938271604938,0.913502023603,0.0215033784761,,,0.0001,,False,,"(20,)",,constant,,2000,,,,sgd,
115,MLPClassifier,0.872427983539,0.938271604938,0.913500323096,0.0221352345791,,,0.1,,False,,"(5, 10)",,constant,,2000,,,,sgd,
32,MLPClassifier,0.868312757202,0.942386831276,0.91349862259,0.0210382222629,,,1,,False,,"(10,)",,invscaling,,2000,,,,adam,
331,MLPClassifier,0.868312757202,0.934156378601,0.913092201476,0.019373819084,,,1e-05,,False,,"(10,)",,constant,,2000,,,,sgd,
299,MLPClassifier,0.868312757202,0.942386831276,0.913090500969,0.0216216217584,,,0.0001,,False,,"(5, 10)",,adaptive,,2000,,,,sgd,
53,MLPClassifier,0.860082304527,0.938271604938,0.913087099956,0.0244321173682,,,1,,False,,"(5, 5)",,adaptive,,2000,,,,sgd,
119,MLPClassifier,0.868312757202,0.934156378601,0.912265755195,0.0215203386276,,,0.1,,False,,"(5, 10)",,adaptive,,2000,,,,sgd,
175,MLPClassifier,0.864197530864,0.930041152263,0.912265755195,0.0211165667117,,,0.01,,False,,"(5, 10)",,constant,,2000,,,,sgd,
103,MLPClassifier,0.868312757202,0.934156378601,0.912264054688,0.0200482017793,,,0.1,,False,,"(20,)",,constant,,2000,,,,sgd,
355,MLPClassifier,0.868312757202,0.942386831276,0.912264054688,0.0213570287158,,,1e-05,,False,,"(5, 10)",,constant,,2000,,,,sgd,
179,MLPClassifier,0.868312757202,0.934156378601,0.911859334082,0.0209450662013,,,0.01,,False,,"(5, 10)",,adaptive,,2000,,,,sgd,
215,MLPClassifier,0.872427983539,0.934156378601,0.911852532055,0.0202321934014,,,0.001,,False,,"(10,)",,adaptive,,2000,,,,sgd,
157,MLPClassifier,0.868312757202,0.934156378601,0.911850831548,0.0204884828149,,,0.01,,False,,"(15,)",,constant,,2000,,,,sgd,
337,MLPClassifier,0.872427983539,0.938271604938,0.911849131041,0.0214690883895,,,1e-05,,False,,"(15,)",,constant,,2000,,,,sgd,
163,MLPClassifier,0.860082304527,0.930041152263,0.911444410434,0.0224458635794,,,0.01,,False,,"(20,)",,constant,,2000,,,,sgd,
151,MLPClassifier,0.868312757202,0.934156378601,0.911444410434,0.0197080122613,,,0.01,,False,,"(10,)",,constant,,2000,,,,sgd,
335,MLPClassifier,0.872427983539,0.930041152263,0.911442709928,0.0195474268815,,,1e-05,,False,,"(10,)",,adaptive,,2000,,,,sgd,
95,MLPClassifier,0.864197530864,0.934156378601,0.911442709928,0.0209685763999,,,0.1,,False,,"(10,)",,adaptive,,2000,,,,sgd,
223,MLPClassifier,0.868312757202,0.930041152263,0.911031187294,0.0189191237968,,,0.001,,False,,"(20,)",,constant,,2000,,,,sgd,
287,MLPClassifier,0.868312757202,0.930041152263,0.911029486787,0.019109580333,,,0.0001,,False,,"(20,)",,adaptive,,2000,,,,sgd,
343,MLPClassifier,0.872427983539,0.934156378601,0.911029486787,0.0186612157346,,,1e-05,,False,,"(20,)",,constant,,2000,,,,sgd,
277,MLPClassifier,0.868312757202,0.930041152263,0.911029486787,0.0182892469621,,,0.0001,,False,,"(15,)",,constant,,2000,,,,sgd,
289,MLPClassifier,0.864197530864,0.938271604938,0.91102778628,0.0223864599042,,,0.0001,,False,,"(5, 5)",,constant,,2000,,,,sgd,
49,MLPClassifier,0.855967078189,0.934156378601,0.910617964153,0.0233987131203,,,1,,False,,"(5, 5)",,constant,,2000,,,,sgd,
35,MLPClassifier,0.864197530864,0.934156378601,0.910616263647,0.0198793036568,,,1,,False,,"(10,)",,adaptive,,2000,,,,sgd,
167,MLPClassifier,0.868312757202,0.934156378601,0.910616263647,0.0188292990612,,,0.01,,False,,"(20,)",,adaptive,,2000,,,,sgd,
101,MLPClassifier,0.864197530864,0.938271604938,0.910209842533,0.0233760404071,,,0.1,,False,,"(15,)",,adaptive,,2000,,,,sgd,
360,AdaBoostOther,0.872427983539,0.934156378601,0.910208142026,0.0214219255596,,SAMME,,"RidgeClassifier(alpha=1.0, class_weight=None, copy_X=True, fit_intercept=True,
        max_iter=None, normalize=False, random_state=None, solver='auto',
        tol=0.001)",,,,,,,,,,,,
41,MLPClassifier,0.864197530864,0.934156378601,0.910204741013,0.0198562680124,,,1,,False,,"(15,)",,adaptive,,2000,,,,sgd,
295,MLPClassifier,0.868312757202,0.934156378601,0.910203040506,0.0212723528393,,,0.0001,,False,,"(5, 10)",,constant,,2000,,,,sgd,
359,MLPClassifier,0.860082304527,0.934156378601,0.910203040506,0.0228090628162,,,1e-05,,False,,"(5, 10)",,adaptive,,2000,,,,sgd,
221,MLPClassifier,0.868312757202,0.930041152263,0.910201339999,0.0197908071142,,,0.001,,False,,"(15,)",,adaptive,,2000,,,,sgd,
91,MLPClassifier,0.868312757202,0.934156378601,0.910201339999,0.0203851285857,,,0.1,,False,,"(10,)",,constant,,2000,,,,sgd,
59,MLPClassifier,0.864197530864,0.934156378601,0.909794918886,0.0201609891645,,,1,,False,,"(5, 10)",,adaptive,,2000,,,,sgd,
281,MLPClassifier,0.864197530864,0.934156378601,0.909794918886,0.0199024642545,,,0.0001,,False,,"(15,)",,adaptive,,2000,,,,sgd,
37,MLPClassifier,0.872427983539,0.930041152263,0.909793218379,0.0181290929021,,,1,,False,,"(15,)",,constant,,2000,,,,sgd,
43,MLPClassifier,0.872427983539,0.930041152263,0.909793218379,0.0178513656357,,,1,,False,,"(20,)",,constant,,2000,,,,sgd,
275,MLPClassifier,0.868312757202,0.930041152263,0.909793218379,0.0194029624369,,,0.0001,,False,,"(10,)",,adaptive,,2000,,,,sgd,
227,MLPClassifier,0.868312757202,0.934156378601,0.909791517872,0.0204300607893,,,0.001,,False,,"(20,)",,adaptive,,2000,,,,sgd,
211,MLPClassifier,0.868312757202,0.934156378601,0.909791517872,0.0200113042065,,,0.001,,False,,"(10,)",,constant,,2000,,,,sgd,
31,MLPClassifier,0.868312757202,0.934156378601,0.909791517872,0.0190525262068,,,1,,False,,"(10,)",,constant,,2000,,,,sgd,
155,MLPClassifier,0.864197530864,0.934156378601,0.909791517872,0.0217158850808,,,0.01,,False,,"(10,)",,adaptive,,2000,,,,sgd,
161,MLPClassifier,0.872427983539,0.930041152263,0.909385096759,0.0176907176153,,,0.01,,False,,"(15,)",,adaptive,,2000,,,,sgd,
341,MLPClassifier,0.876543209877,0.930041152263,0.909381695745,0.0190087912049,,,1e-05,,False,,"(15,)",,adaptive,,2000,,,,sgd,
97,MLPClassifier,0.872427983539,0.930041152263,0.909378294732,0.0178240372754,,,0.1,,False,,"(15,)",,constant,,2000,,,,sgd,
347,MLPClassifier,0.864197530864,0.930041152263,0.908971873618,0.0188442329086,,,1e-05,,False,,"(20,)",,adaptive,,2000,,,,sgd,
47,MLPClassifier,0.868312757202,0.925925925926,0.908970173112,0.0186880082037,,,1,,False,,"(20,)",,adaptive,,2000,,,,sgd,
271,MLPClassifier,0.868312757202,0.934156378601,0.908970173112,0.0178428079784,,,0.0001,,False,,"(10,)",,constant,,2000,,,,sgd,
55,MLPClassifier,0.868312757202,0.934156378601,0.908143726831,0.0198031791423,,,1,,False,,"(5, 10)",,constant,,2000,,,,sgd,
107,MLPClassifier,0.868312757202,0.930041152263,0.908143726831,0.0196356860667,,,0.1,,False,,"(20,)",,adaptive,,2000,,,,sgd,
217,MLPClassifier,0.864197530864,0.925925925926,0.907324082577,0.0186565143839,,,0.001,,False,,"(15,)",,constant,,2000,,,,sgd,
416,Ridge Classifier,0.876033057851,0.925925925926,0.905672890521,0.0168932777585,,,,,,,,,,,,,,,,
418,LDA,0.876033057851,0.925925925926,0.905672890521,0.0168932777585,,,,,,,,,,,,,,,,
392,SVM,0.860082304527,0.913580246914,0.899091929395,0.0151131794868,10,,,,,0.0001,,rbf,,,,,,,,
389,SVM,0.860082304527,0.913580246914,0.899091929395,0.0151131794868,1,,,,,0.001,,rbf,,,,,,,,
391,SVM,0.864197530864,0.925925925926,0.896202768425,0.0203638852955,10,,,,,0.001,,rbf,,,,,,,,
361,AdaBoostOther,0.847736625514,0.925925925926,0.887560793116,0.0199173909599,,SAMME,,"LogisticRegression(C=1.0, class_weight=None, dual=False, fit_intercept=True,
          intercept_scaling=1, max_iter=100, multi_class='ovr', n_jobs=1,
          penalty='l2', random_state=None, solver='liblinear', tol=0.0001,
          verbose=0, warm_start=False)",,,,,,,,,,,,
229,MLPClassifier,0.572016460905,0.934156378601,0.88386899296,0.104969443428,,,0.001,,False,,"(5, 5)",,constant,,2000,,,,sgd,
168,MLPClassifier,0.512396694215,0.962962962963,0.883307825732,0.125296684331,,,0.01,,False,,"(5, 5)",,constant,,2000,,,,adam,
239,MLPClassifier,0.604938271605,0.934156378601,0.88058191341,0.0940200833492,,,0.001,,False,,"(5, 10)",,adaptive,,2000,,,,sgd,
353,MLPClassifier,0.576131687243,0.938271604938,0.879753766622,0.10356943921,,,1e-05,,False,,"(5, 5)",,adaptive,,2000,,,,sgd,
114,MLPClassifier,0.539094650206,0.942386831276,0.87729483386,0.114332382561,,,0.1,,False,,"(5, 10)",,constant,,2000,,,,adam,
233,MLPClassifier,0.567901234568,0.934156378601,0.876873108186,0.104196037621,,,0.001,,False,,"(5, 5)",,adaptive,,2000,,,,sgd,
173,MLPClassifier,0.512396694215,0.938271604938,0.876721763085,0.122943487122,,,0.01,,False,,"(5, 5)",,adaptive,,2000,,,,sgd,
52,MLPClassifier,0.539094650206,0.938271604938,0.876468387579,0.114159658638,,,1,,False,,"(5, 5)",,adaptive,,2000,,,,adam,
293,MLPClassifier,0.512396694215,0.938271604938,0.875485494677,0.122366580438,,,0.0001,,False,,"(5, 5)",,adaptive,,2000,,,,sgd,
169,MLPClassifier,0.567901234568,0.934156378601,0.874817195524,0.103896795257,,,0.01,,False,,"(5, 5)",,constant,,2000,,,,sgd,
113,MLPClassifier,0.547325102881,0.934156378601,0.87440057137,0.110763893979,,,0.1,,False,,"(5, 5)",,adaptive,,2000,,,,sgd,
196,MLPClassifier,0.547325102881,0.921810699588,0.862476618032,0.106793230338,,,0.001,,True,,"(20,)",,adaptive,,2000,,,,adam,
349,MLPClassifier,0.572016460905,0.938271604938,0.850122436486,0.131853886286,,,1e-05,,False,,"(5, 5)",,constant,,2000,,,,sgd,
190,MLPClassifier,0.547325102881,0.938271604938,0.841403938374,0.116842832133,,,0.001,,True,,"(15,)",,adaptive,,2000,,,,adam,
419,QDA,0.781893004115,0.860082304527,0.82003026902,0.0208014005064,,,,,,,,,,,,,,,,
314,MLPClassifier,0.460905349794,0.921487603306,0.813502023603,0.15268488967,,,1e-05,,True,,"(20,)",,invscaling,,2000,,,,adam,
128,MLPClassifier,0.432098765432,0.938271604938,0.803463932252,0.161881184234,,,0.01,,True,,"(15,)",,invscaling,,2000,,,,adam,
192,MLPClassifier,0.452674897119,0.942386831276,0.786999625889,0.183879499335,,,0.001,,True,,"(20,)",,constant,,2000,,,,adam,
132,MLPClassifier,0.487603305785,0.925925925926,0.779852396014,0.167625924674,,,0.01,,True,,"(20,)",,constant,,2000,,,,adam,
254,MLPClassifier,0.50826446281,0.913580246914,0.776686052444,0.158233823489,,,0.0001,,True,,"(20,)",,invscaling,,2000,,,,adam,
76,MLPClassifier,0.539094650206,0.913580246914,0.775966738088,0.134048434527,,,0.1,,True,,"(20,)",,adaptive,,2000,,,,adam,
312,MLPClassifier,0.427983539095,0.921810699588,0.772178009047,0.203096314907,,,1e-05,,True,,"(20,)",,constant,,2000,,,,adam,
12,MLPClassifier,0.487603305785,0.938271604938,0.75322926232,0.179395320117,,,1,,True,,"(20,)",,constant,,2000,,,,adam,
68,MLPClassifier,0.446280991736,0.917695473251,0.746219773493,0.177475678058,,,0.1,,True,,"(15,)",,invscaling,,2000,,,,adam,
252,MLPClassifier,0.460905349794,0.921810699588,0.745029418767,0.171246444648,,,0.0001,,True,,"(20,)",,constant,,2000,,,,adam,
77,MLPClassifier,0.452674897119,0.917695473251,0.744719926538,0.162702512605,,,0.1,,True,,"(20,)",,adaptive,,2000,,,,sgd,
126,MLPClassifier,0.512396694215,0.913580246914,0.74335271911,0.15634215277,,,0.01,,True,,"(15,)",,constant,,2000,,,,adam,
120,MLPClassifier,0.432098765432,0.921810699588,0.741329116077,0.180498507098,,,0.01,,True,,"(10,)",,constant,,2000,,,,adam,
130,MLPClassifier,0.432098765432,0.929752066116,0.740922694963,0.192882536031,,,0.01,,True,,"(15,)",,adaptive,,2000,,,,adam,
14,MLPClassifier,0.395061728395,0.934156378601,0.738434853586,0.196005982447,,,1,,True,,"(20,)",,invscaling,,2000,,,,adam,
136,MLPClassifier,0.539094650206,0.921810699588,0.738021630446,0.158872730217,,,0.01,,True,,"(20,)",,adaptive,,2000,,,,adam,
306,MLPClassifier,0.539094650206,0.909465020576,0.728570213924,0.147849024279,,,1e-05,,True,,"(15,)",,constant,,2000,,,,adam,
248,MLPClassifier,0.460905349794,0.925925925926,0.728196102439,0.177792205938,,,0.0001,,True,,"(15,)",,invscaling,,2000,,,,adam,
138,MLPClassifier,0.481481481481,0.917695473251,0.726776179301,0.172947681836,,,0.01,,True,,"(5, 5)",,constant,,2000,,,,adam,
240,MLPClassifier,0.432098765432,0.917695473251,0.725694657008,0.187460194902,,,0.0001,,True,,"(10,)",,constant,,2000,,,,adam,
72,MLPClassifier,0.460905349794,0.933884297521,0.722140597898,0.176083218857,,,0.1,,True,,"(20,)",,constant,,2000,,,,adam,
24,MLPClassifier,0.427983539095,0.921810699588,0.719050777132,0.18753519871,,,1,,True,,"(5, 10)",,constant,,2000,,,,adam,
2,MLPClassifier,0.427983539095,0.905349794239,0.71827704656,0.213453647542,,,1,,True,,"(10,)",,invscaling,,2000,,,,adam,
268,MLPClassifier,0.427983539095,0.913580246914,0.714144815155,0.203052398446,,,0.0001,,True,,"(5, 10)",,adaptive,,2000,,,,adam,
186,MLPClassifier,0.489711934156,0.888888888889,0.712235146074,0.165782045411,,,0.001,,True,,"(15,)",,constant,,2000,,,,adam,
191,MLPClassifier,0.51652892562,0.909465020576,0.709204843043,0.16042621665,,,0.001,,True,,"(15,)",,adaptive,,2000,,,,sgd,
137,MLPClassifier,0.460905349794,0.917695473251,0.70578852498,0.162490805519,,,0.01,,True,,"(20,)",,adaptive,,2000,,,,sgd,
244,MLPClassifier,0.446280991736,0.909465020576,0.702863653369,0.197576505029,,,0.0001,,True,,"(10,)",,adaptive,,2000,,,,adam,
16,MLPClassifier,0.395061728395,0.934156378601,0.702362003877,0.191387756157,,,1,,True,,"(20,)",,adaptive,,2000,,,,adam,
256,MLPClassifier,0.423868312757,0.909465020576,0.701118933442,0.21374282807,,,0.0001,,True,,"(20,)",,adaptive,,2000,,,,adam,
86,MLPClassifier,0.512396694215,0.917695473251,0.699615685474,0.163569559676,,,0.1,,True,,"(5, 10)",,invscaling,,2000,,,,adam,
194,MLPClassifier,0.423868312757,0.909465020576,0.693323810496,0.186076144643,,,0.001,,True,,"(20,)",,invscaling,,2000,,,,adam,
198,MLPClassifier,0.446280991736,0.930041152263,0.685720844812,0.181426564509,,,0.001,,True,,"(5, 5)",,constant,,2000,,,,adam,
11,MLPClassifier,0.518518518519,0.909465020576,0.682457572357,0.145005334476,,,1,,True,,"(15,)",,adaptive,,2000,,,,sgd,
10,MLPClassifier,0.460905349794,0.909465020576,0.678088970513,0.176737244492,,,1,,True,,"(15,)",,adaptive,,2000,,,,adam,
257,MLPClassifier,0.349794238683,0.884773662551,0.676658844336,0.18384058913,,,0.0001,,True,,"(20,)",,adaptive,,2000,,,,sgd,
246,MLPClassifier,0.427983539095,0.904958677686,0.676044961398,0.184120387057,,,0.0001,,True,,"(15,)",,constant,,2000,,,,adam,
308,MLPClassifier,0.460905349794,0.913580246914,0.675891915791,0.175194480903,,,1e-05,,True,,"(15,)",,invscaling,,2000,,,,adam,
328,MLPClassifier,0.452674897119,0.905349794239,0.674091079142,0.180681767175,,,1e-05,,True,,"(5, 10)",,adaptive,,2000,,,,adam,
242,MLPClassifier,0.423868312757,0.913580246914,0.673234023739,0.208828389227,,,0.0001,,True,,"(10,)",,invscaling,,2000,,,,adam,
62,MLPClassifier,0.423868312757,0.905349794239,0.671812400095,0.177741624084,,,0.1,,True,,"(10,)",,invscaling,,2000,,,,adam,
188,MLPClassifier,0.395061728395,0.921487603306,0.671368567833,0.180076491389,,,0.001,,True,,"(15,)",,invscaling,,2000,,,,adam,
316,MLPClassifier,0.460905349794,0.884773662551,0.670945141652,0.169945695447,,,1e-05,,True,,"(20,)",,adaptive,,2000,,,,adam,
74,MLPClassifier,0.427983539095,0.913580246914,0.66874298541,0.186719615642,,,0.1,,True,,"(20,)",,invscaling,,2000,,,,adam,
250,MLPClassifier,0.487603305785,0.913580246914,0.663122810598,0.156517248489,,,0.0001,,True,,"(15,)",,adaptive,,2000,,,,adam,
65,MLPClassifier,0.423868312757,0.905349794239,0.662675577322,0.18034511746,,,0.1,,True,,"(10,)",,adaptive,,2000,,,,sgd,
317,MLPClassifier,0.423868312757,0.888888888889,0.660658776315,0.160037091926,,,1e-05,,True,,"(20,)",,adaptive,,2000,,,,sgd,
304,MLPClassifier,0.423868312757,0.905349794239,0.660204741013,0.194350153434,,,1e-05,,True,,"(10,)",,adaptive,,2000,,,,adam,
180,MLPClassifier,0.423868312757,0.921487603306,0.656145631398,0.197222961336,,,0.001,,True,,"(10,)",,constant,,2000,,,,adam,
182,MLPClassifier,0.440329218107,0.925925925926,0.656103118729,0.187357886535,,,0.001,,True,,"(10,)",,invscaling,,2000,,,,adam,
329,MLPClassifier,0.395061728395,0.900826446281,0.655455225657,0.179737883132,,,1e-05,,True,,"(5, 10)",,adaptive,,2000,,,,sgd,
66,MLPClassifier,0.395061728395,0.930041152263,0.65503520049,0.205902403817,,,0.1,,True,,"(15,)",,constant,,2000,,,,adam,
301,MLPClassifier,0.427983539095,0.909465020576,0.654047206067,0.183277451424,,,1e-05,,True,,"(10,)",,constant,,2000,,,,sgd,
17,MLPClassifier,0.395061728395,0.880658436214,0.652776927524,0.182664501728,,,1,,True,,"(20,)",,adaptive,,2000,,,,sgd,
26,MLPClassifier,0.460905349794,0.901234567901,0.650787334626,0.160304470531,,,1,,True,,"(5, 10)",,invscaling,,2000,,,,adam,
200,MLPClassifier,0.460905349794,0.905349794239,0.650644492059,0.164686370768,,,0.001,,True,,"(5, 5)",,invscaling,,2000,,,,adam,
134,MLPClassifier,0.460905349794,0.905349794239,0.644616195626,0.168499271127,,,0.01,,True,,"(20,)",,invscaling,,2000,,,,adam,
146,MLPClassifier,0.446280991736,0.925925925926,0.644427439377,0.175369851413,,,0.01,,True,,"(5, 10)",,invscaling,,2000,,,,adam,
8,MLPClassifier,0.512396694215,0.913580246914,0.643776145291,0.155699443097,,,1,,True,,"(15,)",,invscaling,,2000,,,,adam,
70,MLPClassifier,0.452674897119,0.900826446281,0.641890283304,0.165994242805,,,0.1,,True,,"(15,)",,adaptive,,2000,,,,adam,
73,MLPClassifier,0.518518518519,0.884773662551,0.640097949189,0.139383595775,,,0.1,,True,,"(20,)",,constant,,2000,,,,sgd,
127,MLPClassifier,0.423868312757,0.884773662551,0.640006121824,0.145203268477,,,0.01,,True,,"(15,)",,constant,,2000,,,,sgd,
206,MLPClassifier,0.460905349794,0.930041152263,0.639934700541,0.172253877674,,,0.001,,True,,"(5, 10)",,invscaling,,2000,,,,adam,
4,MLPClassifier,0.395061728395,0.893004115226,0.638026731966,0.17117148673,,,1,,True,,"(10,)",,adaptive,,2000,,,,adam,
6,MLPClassifier,0.395061728395,0.901234567901,0.637475767779,0.175104970406,,,1,,True,,"(15,)",,constant,,2000,,,,adam,
184,MLPClassifier,0.452674897119,0.921810699588,0.636241199878,0.165762403997,,,0.001,,True,,"(10,)",,adaptive,,2000,,,,adam,
326,MLPClassifier,0.460905349794,0.888429752066,0.633103764922,0.165941586376,,,1e-05,,True,,"(5, 10)",,invscaling,,2000,,,,adam,
123,MLPClassifier,0.446280991736,0.901234567901,0.630546202768,0.138331478048,,,0.01,,True,,"(10,)",,invscaling,,2000,,,,sgd,
310,MLPClassifier,0.156378600823,0.917695473251,0.628143386729,0.244014947769,,,1e-05,,True,,"(15,)",,adaptive,,2000,,,,adam,
197,MLPClassifier,0.427983539095,0.884773662551,0.626364656668,0.14517194641,,,0.001,,True,,"(20,)",,adaptive,,2000,,,,sgd,
202,MLPClassifier,0.427983539095,0.897119341564,0.624823997551,0.17841077853,,,0.001,,True,,"(5, 5)",,adaptive,,2000,,,,adam,
20,MLPClassifier,0.432098765432,0.896694214876,0.623643845866,0.170584210289,,,1,,True,,"(5, 5)",,invscaling,,2000,,,,adam,
193,MLPClassifier,0.446280991736,0.938271604938,0.622205217155,0.155972118926,,,0.001,,True,,"(20,)",,constant,,2000,,,,sgd,
0,MLPClassifier,0.446280991736,0.880658436214,0.621523313948,0.164317350673,,,1,,True,,"(10,)",,constant,,2000,,,,adam,
208,MLPClassifier,0.446280991736,0.901234567901,0.620298949087,0.149145132972,,,0.001,,True,,"(5, 10)",,adaptive,,2000,,,,adam,
122,MLPClassifier,0.119834710744,0.917695473251,0.620157807026,0.248250128954,,,0.01,,True,,"(10,)",,invscaling,,2000,,,,adam,
124,MLPClassifier,0.427983539095,0.909465020576,0.619737781859,0.175670506997,,,0.01,,True,,"(10,)",,adaptive,,2000,,,,adam,
64,MLPClassifier,0.423868312757,0.921810699588,0.619072883719,0.190729010155,,,0.1,,True,,"(10,)",,adaptive,,2000,,,,adam,
7,MLPClassifier,0.432098765432,0.913580246914,0.617321361766,0.174915940599,,,1,,True,,"(15,)",,constant,,2000,,,,sgd,
71,MLPClassifier,0.506172839506,0.888888888889,0.616899636092,0.13206041714,,,0.1,,True,,"(15,)",,adaptive,,2000,,,,sgd,
125,MLPClassifier,0.452674897119,0.888888888889,0.616493214978,0.136940939979,,,0.01,,True,,"(10,)",,adaptive,,2000,,,,sgd,
23,MLPClassifier,0.427983539095,0.880658436214,0.611673978846,0.155314699991,,,1,,True,,"(5, 5)",,adaptive,,2000,,,,sgd,
148,MLPClassifier,0.432098765432,0.913223140496,0.60840560487,0.163061574878,,,0.01,,True,,"(5, 10)",,adaptive,,2000,,,,adam,
259,MLPClassifier,0.427983539095,0.925925925926,0.607023092882,0.181844749293,,,0.0001,,True,,"(5, 5)",,constant,,2000,,,,sgd,
325,MLPClassifier,0.392561983471,0.884773662551,0.606973778186,0.146855304228,,,1e-05,,True,,"(5, 10)",,constant,,2000,,,,sgd,
258,MLPClassifier,0.427983539095,0.855967078189,0.606200047614,0.146050896532,,,0.0001,,True,,"(5, 5)",,constant,,2000,,,,adam,
139,MLPClassifier,0.460905349794,0.901234567901,0.605494337313,0.13830154018,,,0.01,,True,,"(5, 5)",,constant,,2000,,,,sgd,
264,MLPClassifier,0.427983539095,0.921810699588,0.604911063497,0.181725084853,,,0.0001,,True,,"(5, 10)",,constant,,2000,,,,adam,
22,MLPClassifier,0.251028806584,0.917695473251,0.601207359793,0.208082083193,,,1,,True,,"(5, 5)",,adaptive,,2000,,,,adam,
1,MLPClassifier,0.423868312757,0.909465020576,0.600027208108,0.166131643682,,,1,,True,,"(10,)",,constant,,2000,,,,sgd,
88,MLPClassifier,0.423868312757,0.917355371901,0.599086827875,0.200128934392,,,0.1,,True,,"(5, 10)",,adaptive,,2000,,,,adam,
187,MLPClassifier,0.395061728395,0.917695473251,0.59590177873,0.142381171676,,,0.001,,True,,"(15,)",,constant,,2000,,,,sgd,
60,MLPClassifier,0.423868312757,0.921810699588,0.595459646975,0.159173318192,,,0.1,,True,,"(10,)",,constant,,2000,,,,adam,
323,MLPClassifier,0.423868312757,0.892561983471,0.594401931776,0.143823862574,,,1e-05,,True,,"(5, 5)",,adaptive,,2000,,,,sgd,
145,MLPClassifier,0.452674897119,0.864197530864,0.592619800701,0.139626897459,,,0.01,,True,,"(5, 10)",,constant,,2000,,,,sgd,
307,MLPClassifier,0.512396694215,0.769547325103,0.592619800701,0.0852159789081,,,1e-05,,True,,"(15,)",,constant,,2000,,,,sgd,
5,MLPClassifier,0.452674897119,0.843621399177,0.591801856953,0.118189615291,,,1,,True,,"(10,)",,adaptive,,2000,,,,sgd,
67,MLPClassifier,0.382716049383,0.897119341564,0.590152365405,0.149068474037,,,0.1,,True,,"(15,)",,constant,,2000,,,,sgd,
247,MLPClassifier,0.395061728395,0.901234567901,0.589859878244,0.152337996187,,,0.0001,,True,,"(15,)",,constant,,2000,,,,sgd,
279,MLPClassifier,0.251028806584,0.888888888889,0.589820766588,0.178986338814,,,0.0001,,False,,"(15,)",,invscaling,,2000,,,,sgd,
311,MLPClassifier,0.337448559671,0.897119341564,0.586402748019,0.15396232384,,,1e-05,,True,,"(15,)",,adaptive,,2000,,,,sgd,
85,MLPClassifier,0.0946502057613,0.905349794239,0.585362037887,0.239968402667,,,0.1,,True,,"(5, 10)",,constant,,2000,,,,sgd,
269,MLPClassifier,0.427983539095,0.901234567901,0.584479474884,0.130577709233,,,0.0001,,True,,"(5, 10)",,adaptive,,2000,,,,sgd,
61,MLPClassifier,0.407407407407,0.83950617284,0.584389348026,0.131573143296,,,0.1,,True,,"(10,)",,constant,,2000,,,,sgd,
199,MLPClassifier,0.395061728395,0.897119341564,0.583006836037,0.192820309185,,,0.001,,True,,"(5, 5)",,constant,,2000,,,,sgd,
204,MLPClassifier,0.423868312757,0.901234567901,0.581508689589,0.139362584947,,,0.001,,True,,"(5, 10)",,constant,,2000,,,,adam,
131,MLPClassifier,0.333333333333,0.851851851852,0.581171989253,0.131212535003,,,0.01,,True,,"(15,)",,adaptive,,2000,,,,sgd,
203,MLPClassifier,0.427983539095,0.888888888889,0.580683943815,0.134743735374,,,0.001,,True,,"(5, 5)",,adaptive,,2000,,,,sgd,
79,MLPClassifier,0.460905349794,0.897119341564,0.580262218141,0.113047570943,,,0.1,,True,,"(5, 5)",,constant,,2000,,,,sgd,
302,MLPClassifier,0.423868312757,0.897119341564,0.579406863245,0.153328324429,,,1e-05,,True,,"(10,)",,invscaling,,2000,,,,adam,
225,MLPClassifier,0.446280991736,0.77366255144,0.578571914431,0.0996115595989,,,0.001,,False,,"(20,)",,invscaling,,2000,,,,sgd,
29,MLPClassifier,0.395061728395,0.876543209877,0.57776077271,0.162949119868,,,1,,True,,"(5, 10)",,adaptive,,2000,,,,sgd,
249,MLPClassifier,0.301652892562,0.901234567901,0.576165697378,0.191169055604,,,0.0001,,True,,"(15,)",,invscaling,,2000,,,,sgd,
253,MLPClassifier,0.432098765432,0.876543209877,0.57614869231,0.144592944297,,,0.0001,,True,,"(20,)",,constant,,2000,,,,sgd,
209,MLPClassifier,0.378600823045,0.867768595041,0.575437880488,0.164786907858,,,0.001,,True,,"(5, 10)",,adaptive,,2000,,,,sgd,
263,MLPClassifier,0.452674897119,0.831275720165,0.574502601775,0.10599306945,,,0.0001,,True,,"(5, 5)",,adaptive,,2000,,,,sgd,
300,MLPClassifier,0.395061728395,0.925619834711,0.573019759888,0.18042115524,,,1e-05,,True,,"(10,)",,constant,,2000,,,,adam,
318,MLPClassifier,0.423868312757,0.851851851852,0.572812298065,0.144800507133,,,1e-05,,True,,"(5, 5)",,constant,,2000,,,,adam,
241,MLPClassifier,0.395061728395,0.909465020576,0.572400775431,0.188718917893,,,0.0001,,True,,"(10,)",,constant,,2000,,,,sgd,
133,MLPClassifier,0.423868312757,0.851851851852,0.57204536952,0.103796243121,,,0.01,,True,,"(20,)",,constant,,2000,,,,sgd,
305,MLPClassifier,0.427983539095,0.872427983539,0.571587933204,0.159558910151,,,1e-05,,True,,"(10,)",,adaptive,,2000,,,,sgd,
205,MLPClassifier,0.427983539095,0.868312757202,0.57117641057,0.143290288284,,,0.001,,True,,"(5, 10)",,constant,,2000,,,,sgd,
142,MLPClassifier,0.452674897119,0.859504132231,0.570128898412,0.107185775466,,,0.01,,True,,"(5, 5)",,adaptive,,2000,,,,adam,
265,MLPClassifier,0.423868312757,0.864197530864,0.566836717342,0.157394776314,,,0.0001,,True,,"(5, 10)",,constant,,2000,,,,sgd,
251,MLPClassifier,0.275720164609,0.867768595041,0.565149814645,0.175342757427,,,0.0001,,True,,"(15,)",,adaptive,,2000,,,,sgd,
144,MLPClassifier,0.432098765432,0.905349794239,0.563758800122,0.130686936806,,,0.01,,True,,"(5, 10)",,constant,,2000,,,,adam,
245,MLPClassifier,0.423868312757,0.843621399177,0.563391490664,0.145137453403,,,0.0001,,True,,"(10,)",,adaptive,,2000,,,,sgd,
185,MLPClassifier,0.308641975309,0.855967078189,0.562568445397,0.126061801306,,,0.001,,True,,"(10,)",,adaptive,,2000,,,,sgd,
291,MLPClassifier,0.432098765432,0.905349794239,0.561777709758,0.12435151216,,,0.0001,,False,,"(5, 5)",,invscaling,,2000,,,,sgd,
149,MLPClassifier,0.423868312757,0.786008230453,0.560985273612,0.0940562911031,,,0.01,,True,,"(5, 10)",,adaptive,,2000,,,,sgd,
82,MLPClassifier,0.427983539095,0.901234567901,0.560186035439,0.158683376228,,,0.1,,True,,"(5, 5)",,adaptive,,2000,,,,adam,
207,MLPClassifier,0.395061728395,0.835390946502,0.559288167874,0.127777005429,,,0.001,,True,,"(5, 10)",,invscaling,,2000,,,,sgd,
165,MLPClassifier,0.251028806584,0.851851851852,0.558439615005,0.151793551963,,,0.01,,False,,"(20,)",,invscaling,,2000,,,,sgd,
159,MLPClassifier,0.390946502058,0.802469135802,0.558407305377,0.127015194353,,,0.01,,False,,"(15,)",,invscaling,,2000,,,,sgd,
195,MLPClassifier,0.395061728395,0.880658436214,0.557642077339,0.143376308433,,,0.001,,True,,"(20,)",,invscaling,,2000,,,,sgd,
89,MLPClassifier,0.432098765432,0.851851851852,0.557228854199,0.118626605806,,,0.1,,True,,"(5, 10)",,adaptive,,2000,,,,sgd,
266,MLPClassifier,0.432098765432,0.880658436214,0.557184641023,0.121301646694,,,0.0001,,True,,"(5, 10)",,invscaling,,2000,,,,adam,
324,MLPClassifier,0.395061728395,0.893004115226,0.556807128524,0.125308023319,,,1e-05,,True,,"(5, 10)",,constant,,2000,,,,adam,
262,MLPClassifier,0.423868312757,0.917695473251,0.556395605891,0.133154389598,,,0.0001,,True,,"(5, 5)",,adaptive,,2000,,,,adam,
121,MLPClassifier,0.446280991736,0.864197530864,0.555931367548,0.117911749658,,,0.01,,True,,"(10,)",,constant,,2000,,,,sgd,
9,MLPClassifier,0.446280991736,0.674897119342,0.555528347448,0.0679792394019,,,1,,True,,"(15,)",,invscaling,,2000,,,,sgd,
390,SVM,0.512396694215,0.604938271605,0.553113627861,0.0265955680856,1,,,,,0.0001,,rbf,,,,,,,,
3,MLPClassifier,0.423868312757,0.748971193416,0.553113627861,0.0799844593995,,,1,,True,,"(10,)",,invscaling,,2000,,,,sgd,
315,MLPClassifier,0.423868312757,0.814814814815,0.552765023977,0.120343227717,,,1e-05,,True,,"(20,)",,invscaling,,2000,,,,sgd,
80,MLPClassifier,0.395061728395,0.83950617284,0.552329694249,0.143607819901,,,0.1,,True,,"(5, 5)",,invscaling,,2000,,,,adam,
255,MLPClassifier,0.349794238683,0.888888888889,0.549483045948,0.146660565407,,,0.0001,,True,,"(20,)",,invscaling,,2000,,,,sgd,
319,MLPClassifier,0.427983539095,0.727272727273,0.54824677754,0.0779573359903,,,1e-05,,True,,"(5, 5)",,constant,,2000,,,,sgd,
260,MLPClassifier,0.423868312757,0.901234567901,0.547709417406,0.13127125372,,,0.0001,,True,,"(5, 5)",,invscaling,,2000,,,,adam,
143,MLPClassifier,0.423868312757,0.917695473251,0.546107540047,0.148400267428,,,0.01,,True,,"(5, 5)",,adaptive,,2000,,,,sgd,
339,MLPClassifier,0.395061728395,0.83950617284,0.541567187022,0.13968145135,,,1e-05,,False,,"(15,)",,invscaling,,2000,,,,sgd,
285,MLPClassifier,0.297520661157,0.83950617284,0.541046831956,0.151014794857,,,0.0001,,False,,"(20,)",,invscaling,,2000,,,,sgd,
18,MLPClassifier,0.423868312757,0.905349794239,0.539944903581,0.133800501447,,,1,,True,,"(5, 5)",,constant,,2000,,,,adam,
51,MLPClassifier,0.395061728395,0.843621399177,0.539890487365,0.114960424514,,,1,,False,,"(5, 5)",,invscaling,,2000,,,,sgd,
351,MLPClassifier,0.395061728395,0.674897119342,0.539523177907,0.0828488232185,,,1e-05,,False,,"(5, 5)",,invscaling,,2000,,,,sgd,
45,MLPClassifier,0.22633744856,0.740740740741,0.537509777914,0.132475590776,,,1,,False,,"(20,)",,invscaling,,2000,,,,sgd,
84,MLPClassifier,0.432098765432,0.658436213992,0.533761861035,0.0657200004261,,,0.1,,True,,"(5, 10)",,constant,,2000,,,,adam,
19,MLPClassifier,0.427983539095,0.917695473251,0.530013944155,0.142112648822,,,1,,True,,"(5, 5)",,constant,,2000,,,,sgd,
87,MLPClassifier,0.367768595041,0.728395061728,0.527951229466,0.104429064131,,,0.1,,True,,"(5, 10)",,invscaling,,2000,,,,sgd,
345,MLPClassifier,0.300411522634,0.724279835391,0.527600925076,0.11708419853,,,1e-05,,False,,"(20,)",,invscaling,,2000,,,,sgd,
327,MLPClassifier,0.41975308642,0.731404958678,0.523985647723,0.0873228815222,,,1e-05,,True,,"(5, 10)",,invscaling,,2000,,,,sgd,
153,MLPClassifier,0.276859504132,0.876543209877,0.523708465123,0.188634946452,,,0.01,,False,,"(10,)",,invscaling,,2000,,,,sgd,
313,MLPClassifier,0.316872427984,0.735537190083,0.523147297895,0.105694829822,,,1e-05,,True,,"(20,)",,constant,,2000,,,,sgd,
69,MLPClassifier,0.345679012346,0.753086419753,0.521793694521,0.115790885961,,,0.1,,True,,"(15,)",,invscaling,,2000,,,,sgd,
140,MLPClassifier,0.423868312757,0.604938271605,0.520603339795,0.055712512918,,,0.01,,True,,"(5, 5)",,invscaling,,2000,,,,adam,
267,MLPClassifier,0.395061728395,0.670781893004,0.520548923579,0.076615466953,,,0.0001,,True,,"(5, 10)",,invscaling,,2000,,,,sgd,
83,MLPClassifier,0.427983539095,0.609053497942,0.519780294528,0.058465751619,,,0.1,,True,,"(5, 5)",,adaptive,,2000,,,,sgd,
25,MLPClassifier,0.432098765432,0.604938271605,0.51854912764,0.0570930061263,,,1,,True,,"(5, 10)",,constant,,2000,,,,sgd,
303,MLPClassifier,0.432098765432,0.662551440329,0.51726694555,0.0736087470522,,,1e-05,,True,,"(10,)",,invscaling,,2000,,,,sgd,
231,MLPClassifier,0.427983539095,0.604938271605,0.516433697242,0.0575838050139,,,0.001,,False,,"(5, 5)",,invscaling,,2000,,,,sgd,
33,MLPClassifier,0.205761316872,0.683127572016,0.515687174778,0.123589508044,,,1,,False,,"(10,)",,invscaling,,2000,,,,sgd,
13,MLPClassifier,0.395061728395,0.572016460905,0.515245043023,0.0574836306196,,,1,,True,,"(20,)",,constant,,2000,,,,sgd,
201,MLPClassifier,0.432098765432,0.609053497942,0.514376084073,0.054430561742,,,0.001,,True,,"(5, 5)",,invscaling,,2000,,,,sgd,
78,MLPClassifier,0.395061728395,0.576131687243,0.513197632895,0.0580185912257,,,0.1,,True,,"(5, 5)",,constant,,2000,,,,adam,
181,MLPClassifier,0.423868312757,0.604938271605,0.507436316022,0.0594629372742,,,0.001,,True,,"(10,)",,constant,,2000,,,,sgd,
147,MLPClassifier,0.395061728395,0.748971193416,0.506557154032,0.0959128983189,,,0.01,,True,,"(5, 10)",,invscaling,,2000,,,,sgd,
129,MLPClassifier,0.384297520661,0.740740740741,0.505708601163,0.0971082184508,,,0.01,,True,,"(15,)",,invscaling,,2000,,,,sgd,
243,MLPClassifier,0.366255144033,0.732510288066,0.503270074482,0.0996155827268,,,0.0001,,True,,"(10,)",,invscaling,,2000,,,,sgd,
57,MLPClassifier,0.396694214876,0.901234567901,0.499979593919,0.139836428199,,,1,,False,,"(5, 10)",,invscaling,,2000,,,,sgd,
322,MLPClassifier,0.395061728395,0.617283950617,0.499571472299,0.0666535281289,,,1e-05,,True,,"(5, 5)",,adaptive,,2000,,,,adam,
141,MLPClassifier,0.395061728395,0.572016460905,0.499204162841,0.0626150332327,,,0.01,,True,,"(5, 5)",,invscaling,,2000,,,,sgd,
357,MLPClassifier,0.395061728395,0.576131687243,0.495078733463,0.0554743060277,,,1e-05,,False,,"(5, 10)",,invscaling,,2000,,,,sgd,
75,MLPClassifier,0.388429752066,0.592592592593,0.494626398667,0.0715905817091,,,0.1,,True,,"(20,)",,invscaling,,2000,,,,sgd,
219,MLPClassifier,0.164609053498,0.79012345679,0.494146855763,0.163447762431,,,0.001,,False,,"(15,)",,invscaling,,2000,,,,sgd,
273,MLPClassifier,0.390946502058,0.625514403292,0.491330816583,0.0676588264436,,,0.0001,,False,,"(10,)",,invscaling,,2000,,,,sgd,
177,MLPClassifier,0.378600823045,0.633744855967,0.490903989389,0.0783484588385,,,0.01,,False,,"(5, 10)",,invscaling,,2000,,,,sgd,
28,MLPClassifier,0.395061728395,0.576131687243,0.490101350202,0.0584382634564,,,1,,True,,"(5, 10)",,adaptive,,2000,,,,adam,
320,MLPClassifier,0.423868312757,0.604938271605,0.488916096997,0.0583569087648,,,1e-05,,True,,"(5, 5)",,invscaling,,2000,,,,adam,
135,MLPClassifier,0.268595041322,0.744855967078,0.487982518791,0.118301829655,,,0.01,,True,,"(20,)",,invscaling,,2000,,,,sgd,
189,MLPClassifier,0.243801652893,0.732510288066,0.484646124545,0.123395257775,,,0.001,,True,,"(15,)",,invscaling,,2000,,,,sgd,
171,MLPClassifier,0.247933884298,0.604938271605,0.484253307486,0.110288628046,,,0.01,,False,,"(5, 5)",,invscaling,,2000,,,,sgd,
39,MLPClassifier,0.362139917695,0.553719008264,0.483977825392,0.063298139294,,,1,,False,,"(15,)",,invscaling,,2000,,,,sgd,
81,MLPClassifier,0.390946502058,0.604938271605,0.480648233173,0.0658566852828,,,0.1,,True,,"(5, 5)",,invscaling,,2000,,,,sgd,
237,MLPClassifier,0.395061728395,0.56378600823,0.479862599055,0.0581110411768,,,0.001,,False,,"(5, 10)",,invscaling,,2000,,,,sgd,
183,MLPClassifier,0.329218106996,0.687242798354,0.479806482332,0.0967537161144,,,0.001,,True,,"(10,)",,invscaling,,2000,,,,sgd,
111,MLPClassifier,0.395061728395,0.567901234568,0.478616127606,0.0555253495556,,,0.1,,False,,"(5, 5)",,invscaling,,2000,,,,sgd,
63,MLPClassifier,0.164609053498,0.576131687243,0.478208005986,0.114148503306,,,0.1,,True,,"(10,)",,invscaling,,2000,,,,sgd,
105,MLPClassifier,0.288065843621,0.769547325103,0.47614869231,0.130923410277,,,0.1,,False,,"(20,)",,invscaling,,2000,,,,sgd,
93,MLPClassifier,0.20987654321,0.574380165289,0.475728667143,0.103170181566,,,0.1,,False,,"(10,)",,invscaling,,2000,,,,sgd,
117,MLPClassifier,0.259259259259,0.572016460905,0.472812298065,0.0830929413807,,,0.1,,False,,"(5, 10)",,invscaling,,2000,,,,sgd,
27,MLPClassifier,0.308641975309,0.572016460905,0.471212121212,0.0730766624973,,,1,,True,,"(5, 10)",,invscaling,,2000,,,,sgd,
321,MLPClassifier,0.395061728395,0.572016460905,0.469538822569,0.0492057653518,,,1e-05,,True,,"(5, 5)",,invscaling,,2000,,,,sgd,
333,MLPClassifier,0.347107438017,0.576131687243,0.469096690814,0.0690332632213,,,1e-05,,False,,"(10,)",,invscaling,,2000,,,,sgd,
15,MLPClassifier,0.164609053498,0.860082304527,0.467516920042,0.173584609432,,,1,,True,,"(20,)",,invscaling,,2000,,,,sgd,
21,MLPClassifier,0.222222222222,0.576131687243,0.46297996803,0.116062645133,,,1,,True,,"(5, 5)",,invscaling,,2000,,,,sgd,
297,MLPClassifier,0.251028806584,0.646090534979,0.46129986736,0.102162904364,,,0.0001,,False,,"(5, 10)",,invscaling,,2000,,,,sgd,
213,MLPClassifier,0.201646090535,0.617283950617,0.457228854199,0.108576867285,,,0.001,,False,,"(10,)",,invscaling,,2000,,,,sgd,
99,MLPClassifier,0.139917695473,0.748971193416,0.449629289528,0.176373040867,,,0.1,,False,,"(15,)",,invscaling,,2000,,,,sgd,
309,MLPClassifier,0.102880658436,0.703703703704,0.444049926878,0.141882822563,,,1e-05,,True,,"(15,)",,invscaling,,2000,,,,sgd,
261,MLPClassifier,0.239669421488,0.576131687243,0.443930891406,0.0829051542051,,,0.0001,,True,,"(5, 5)",,invscaling,,2000,,,,sgd,
